,Player,,Team,ATT,CMP,YDS,TDS,INTS,ATT,YDS,TDS,FL,FPTS,,,Player,,Team,ATT,CMP,YDS,TDS,INTS,ATT,YDS,TDS,FL,FPTS,,,Player,,Team,ATT,CMP,YDS,TDS,INTS,ATT,YDS,TDS,FL,FPTS
,NF + NFL,,,,,,,,,,,,,,,NFL + CBS,,,,,,,,,,,,,,,NF + CBS,,,,,,,,,,,,
JoshAllenBUF,Josh,Allen,BUF,622.8,397.5,"4,438.60",33.7,13.4,129,720.8,7.3,2.7,409.2,,JoshAllenBUF,Josh,Allen,BUF,622,393,4555.5,34,15.3,128,789.4,6.3,3.4,413.3,,JoshAllenBUF,Josh,Allen,BUF,622.4,395.3,4454.1,35.7,16.1,128.5,697.4,6.9,4,408.1
PatrickMahomesKC,Patrick,Mahomes,KC,639.9,421.2,"4,952.40",36.9,11.9,70.3,381.1,3.4,1.3,389.6,,PatrickMahomesKC,Patrick,Mahomes,KC,657,444,5069.1,34.3,13.7,71,423.2,3.4,2.2,384.4,,PatrickMahomesKC,Patrick,Mahomes,KC,648.4,432.6,4733.3,37.6,12.2,70.6,360.9,3.1,3,375.9
KylerMurrayARI,Kyler,Murray,ARI,595.4,396,"4,358.20",28.3,12,129.8,614,4.9,0.9,364.3,,LamarJacksonBAL,Lamar,Jackson,BAL,592,379,3889.4,24.2,15.1,186,1103.6,4.4,2.9,368.3,,LamarJacksonBAL,Lamar,Jackson,BAL,571.3,368.1,3963.9,27.2,14.8,168.7,990.1,4.8,4,372.2
LamarJacksonBAL,Lamar,Jackson,BAL,550.7,357.1,"3,858.30",25.3,12.8,151.3,935.6,5.2,1.8,364,,JustinHerbertLAC,Justin,Herbert,LAC,662,444,4927.8,32.9,15.5,62,297.9,3.2,0.7,360.5,,JalenHurtsPHI,Jalen,Hurts,PHI,525.5,323.6,3682.7,27,12.9,153.6,781.4,8.3,2,366.3
JustinHerbertLAC,Justin,Herbert,LAC,627.3,420.1,"4,797.10",32.5,12.6,75.7,325.9,3.4,0.4,361.2,,JalenHurtsPHI,Jalen,Hurts,PHI,512,310,3801.3,25.1,14.3,154,813.7,7.3,2,359.2,,JustinHerbertLAC,Justin,Herbert,LAC,644.7,432,4734.2,33.6,13.1,68.8,316,3.3,1,359.6
JalenHurtsPHI,Jalen,Hurts,PHI,539,337.1,"3,867.00",26.1,13.2,153.2,748.1,6.6,1.9,356.2,,KylerMurrayARI,Kyler,Murray,ARI,572,399,4316.6,28.4,14.3,99,531.9,4.2,1,348.6,,KylerMurrayARI,Kyler,Murray,ARI,583.7,397.5,4252.6,27.8,12.7,114.4,550,5.7,1,355.9
DakPrescottDAL,Dak,Prescott,DAL,601.1,401.3,"4,661.80",34.4,11.4,59.8,269.1,2.7,1.4,352.8,,TomBradyTB,Tom,Brady,TB,705,464,5191.6,35.4,13.1,29,36.2,1.5,1.9,345.1,,TomBradyTB,Tom,Brady,TB,675.5,446.3,4796.8,38,12.5,26.5,57.9,1.5,3,339.6
TomBradyTB,Tom,Brady,TB,646,428.5,"5,051.40",38.4,11.6,23.9,36,0.9,0.8,351.7,,MatthewStaffordLAR,Matthew,Stafford,LAR,591,408,4879.7,33.9,14.9,41,131.9,2.1,1.9,337.7,,MatthewStaffordLAR,Matthew,Stafford,LAR,600.4,406.2,4692.9,35.5,14.9,36.8,105.3,1.7,2,331.6
MatthewStaffordLAR,Matthew,Stafford,LAR,609.8,404.5,"4,753.60",35.4,12.8,32.6,155.2,1.8,1.8,341.5,,DakPrescottDAL,Dak,Prescott,DAL,611,416,4703,32.7,14.1,56,228.2,2.2,3.7,333.4,,DakPrescottDAL,Dak,Prescott,DAL,606.1,408.7,4476.9,32.7,11.3,57.9,237.9,2.5,6,325.2
TreyLanceSF,Trey,Lance,SF,537.7,342.6,"3,755.60",25.5,13.1,122,703.3,5.4,1.8,338.2,,AaronRodgersGB,Aaron,Rodgers,GB,547,369,4551.7,34.1,9.1,38,113.3,1.8,0.9,329.5,,JoeBurrowCIN,Joe,Burrow,CIN,574.3,390.1,4523,30.3,11.7,51.9,218.8,2.2,1,323.7
AaronRodgersGB,Aaron,Rodgers,GB,584.7,393.2,"4,620.10",33.7,7.9,41.8,149.2,1.5,0.8,333.8,,TreyLanceSF,Trey,Lance,SF,444,257,3652.2,23.4,14.9,148,777.6,5,2.9,326.6,,TreyLanceSF,Trey,Lance,SF,490.9,299.8,3655.5,26.1,14.3,135,607.7,5.4,4,321.7
JoeBurrowCIN,Joe,Burrow,CIN,580.6,398.3,"4,619.50",30.2,11.8,61.8,258.7,2.3,0.8,331.7,,JoeBurrowCIN,Joe,Burrow,CIN,568,382,4607.5,29.9,16.1,42,190.9,2,0.9,317.3,,RussellWilsonDEN,Russell,Wilson,DEN,562.4,379.9,4259,29.7,9.2,61.9,301.4,2.1,2,318.8
DerekCarrLV,Derek,Carr,LV,607.8,402.2,"4,605.80",30.9,11.9,48.2,164.9,1.6,0.9,319.9,,KirkCousinsMIN,Kirk,Cousins,MIN,590,383,4505.7,32.6,12.9,31,111.9,1.1,1.9,311.9,,AaronRodgersGB,Aaron,Rodgers,GB,565.8,381.1,4245.4,32.6,6.9,39.9,160.9,1.7,1,317.6
KirkCousinsMIN,Kirk,Cousins,MIN,606.6,398,"4,474.80",31.9,12.1,22.1,100.2,1.1,0.9,309.3,,DerekCarrLV,Derek,Carr,LV,645,439,4868.6,28.9,15.2,35,120.8,1.2,2.9,308.1,,DerekCarrLV,Derek,Carr,LV,626.4,420.6,4701.2,29,13.7,41.6,156.1,1.4,5,304.4
RussellWilsonDEN,Russell,Wilson,DEN,560.8,381.9,"4,101.20",28.3,9.2,58.8,257.4,2.1,0.8,305,,RussellWilsonDEN,Russell,Wilson,DEN,564,378,4102.2,27.6,9,65,244,2,1.4,299.1,,KirkCousinsMIN,Kirk,Cousins,MIN,598.3,390.5,4391.1,32.3,12.2,26.5,100.3,1,3,302.4
TuaTagovailoaMIA,Tua,Tagovailoa,MIA,598.5,394.4,"4,074.80",25.9,13.4,54.2,268.2,2.4,1.8,290.6,,RyanTannehillTEN,Ryan,Tannehill,TEN,523,351,3841.5,26.4,15.2,57,257.2,3.4,1.9,286.5,,TuaTagovailoaMIA,Tua,Tagovailoa,MIA,601.7,396.7,4086.9,25.6,15.1,55.6,214.8,3.1,1,288.9
JustinFieldsCHI,Justin,Fields,CHI,520.6,318.4,"3,508.30",18.9,12.7,126.3,642.2,4.2,1.7,289,,JameisWinstonNO,Jameis,Winston,NO,504,309,3612.2,26.6,12.4,66,362.5,2.7,2.2,286.5,,TrevorLawrenceJAC,Trevor,Lawrence,JAC,604.2,387.6,4145,24.4,12.6,67.1,303.7,2.1,4,285.8
RyanTannehillTEN,Ryan,Tannehill,TEN,536.5,352.5,"3,876.20",25.5,11.1,62.2,260.7,2.9,0.8,287.8,,TuaTagovailoaMIA,Tua,Tagovailoa,MIA,605,399,4028,24.2,15.3,57,236.4,3.3,1.4,283.3,,RyanTannehillTEN,Ryan,Tannehill,TEN,529.7,351.8,3748.8,26.1,13.9,59.6,290.4,3.5,3,284.3
JameisWinstonNO,Jameis,Winston,NO,537.8,342.4,"3,952.10",25.4,13.2,38.5,293.8,2.3,1.3,287.2,,TrevorLawrenceJAC,Trevor,Lawrence,JAC,630,404,4013.6,21.6,14.4,72,372.5,2.5,2.4,280.2,,JustinFieldsCHI,Justin,Fields,CHI,520.3,318.2,3578.9,20.8,16.7,113.1,547.6,3.9,7,273.6
DanielJonesNYG,Daniel,Jones,NYG,576.2,365.4,"3,827.10",20.2,15.2,112.2,501.3,3.7,3.1,284.9,,MattRyanIND,Matt,Ryan,IND,523,336,3940.4,27.3,11.5,49,177.8,1.8,3.4,277.1,,JameisWinstonNO,Jameis,Winston,NO,520.9,325.7,3693.9,26.8,11.8,52.3,234.3,1.7,3,270.5
TrevorLawrenceJAC,Trevor,Lawrence,JAC,578.3,371.2,"3,907.60",22,13,62.2,348.2,2.7,0.8,280.4,,JustinFieldsCHI,Justin,Fields,CHI,520,318,3411.5,19.1,17.1,100,623.6,3.3,4.4,269.4,,DanielJonesNYG,Daniel,Jones,NYG,559.1,351.7,3630.9,20.1,17.4,99.6,494.2,3.7,6,267.9
MacJonesNE,Mac,Jones,NE,554.8,365.9,"3,984.90",25.4,13.3,38.8,210.9,1.9,1.7,276.9,,DanielJonesNYG,Daniel,Jones,NYG,542,338,3612.2,19.1,15.7,87,479.1,3,4.5,261.9,,MattRyanIND,Matt,Ryan,IND,541.6,353.6,3856.8,27.3,11,40.2,139,1.6,5,266
MattRyanIND,Matt,Ryan,IND,560.3,371.1,"4,076.20",25.6,10.5,31.4,152.8,1.4,1.9,275,,MacJonesNE,Mac,Jones,NE,506,336,3865.7,24.7,17.1,45,197.8,1.2,2.4,258.5,,MarcusMariotaATL,Marcus,Mariota,ATL,549.1,343.9,3692.9,20.5,16.5,63,321.5,2.5,0,260
CarsonWentzWAS,Carson,Wentz,WAS,556.6,353.1,"3,790.40",23.1,11.7,61,286,2.3,1.3,271.6,,JaredGoffDET,Jared,Goff,DET,584,390,3992.5,25.5,13.3,27,67.7,0.9,3.5,253.7,,MitchTrubiskyPIT,Mitch,Trubisky,PIT,586.3,371.9,3604.2,22.4,15.8,57.5,216.2,2,1,249.8
MarcusMariotaATL,Marcus,Mariota,ATL,552.1,341.9,"3,338.00",17.4,11,86,458.1,4.1,1.5,259.6,,CarsonWentzWAS,Carson,Wentz,WAS,538,345,3642.2,22,13.1,61,251.9,1.5,3.7,247.3,,MacJonesNE,Mac,Jones,NE,530.4,351,3813.3,24.7,16.3,41.9,152.2,0.8,3,248.8
JaredGoffDET,Jared,Goff,DET,576,370.5,"4,031.80",24.2,12,26.9,73.3,1,1,257,,MarcusMariotaATL,Marcus,Mariota,ATL,546,346,3221.1,17.9,13.4,40,371.6,2.7,0.8,238.6,,CarsonWentzWAS,Carson,Wentz,WAS,547.3,349.1,3653.2,23.1,12.5,61,243.1,1.8,6,248.8
GenoSmithSEA,Geno,Smith,SEA,531.2,346.9,"3,840.30",22.7,15.4,40,191.1,1.8,1.2,256.8,,DavisMillsHOU,Davis,Mills,HOU,524,344,3702.7,22.1,16.2,27,87.2,0.7,1,230.9,,BakerMayfieldCAR,Baker,Mayfield,CAR,572.6,356.2,3786.8,22.2,16.3,43.8,155.7,1.3,3,241.2
DavisMillsHOU,Davis,Mills,HOU,567.3,368.6,"3,899.30",21.2,13.2,47.6,162.4,1.5,1,250.7,,GenoSmithSEA,Geno,Smith,SEA,415,258,3389.5,20.9,12,32,175.5,1.4,2.1,228.8,,JaredGoffDET,Jared,Goff,DET,580,380.2,3822.3,23.6,12.8,27,102.7,1.1,6,239.4
MitchTrubiskyPIT,Mitch,Trubisky,PIT,607.5,394.8,"3,227.50",19.5,12.6,79,364.8,2.9,0.8,246.7,,BakerMayfieldCAR,Baker,Mayfield,CAR,578,358,3445.2,19.5,14,42,149.4,1.3,1.8,221,,DavisMillsHOU,Davis,Mills,HOU,545.6,356.3,3746.6,20.1,15.9,37.3,142.2,0.8,1,231.4
BakerMayfieldCAR,Baker,Mayfield,CAR,567.2,354.5,"3,575.00",20.7,13.3,45.5,186.1,1.6,0.6,239.5,,ZachWilsonNYJ,Zach,Wilson,NYJ,513,302,3054,18,13.4,38,234.4,2.3,0.8,216.7,,GenoSmithSEA,Geno,Smith,SEA,473.1,302.4,3292.8,18.8,14.5,36,160.7,1.5,3,211.3
JacobyBrissettCLE,Jacoby,Brissett,CLE,318.5,196.3,"2,864.70",15.7,10.5,34.4,177.5,1.9,0.9,194.3,,JacobyBrissettCLE,Jacoby,Brissett,CLE,346,219,3095.9,18,11.8,30,172.7,2,2.5,208.3,,ZachWilsonNYJ,Zach,Wilson,NYJ,396.9,237.9,2606.8,15.7,11,36.3,199.2,1.7,1,184.2
ZachWilsonNYJ,Zach,Wilson,NYJ,280.7,173.8,"2,326.80",13.8,8.4,34.5,186.6,2,0.7,169.1,,MitchTrubiskyPIT,Mitch,Trubisky,PIT,565,349,2852.3,18.1,11.8,36,233.6,1.8,0.9,207.4,,JacobyBrissettCLE,Jacoby,Brissett,CLE,332.2,207.6,2227.8,13.8,8.7,32.2,139.8,1.9,4,152.8
DeshaunWatsonCLE,Deshaun,Watson,CLE,217.8,151.1,"1,822.60",9.8,4.6,44.3,209.1,1.8,0,139.3,,DeshaunWatsonCLE,Deshaun,Watson,CLE,195,134,1613,10,4,39,220,3,1,138.5,,DeshaunWatsonCLE,Deshaun,Watson,CLE,206.4,142.6,1717.8,9.9,4.3,41.6,214.5,2.4,1,137.9
JoeFlaccoNYJ,Joe,Flacco,NYJ,289.9,176.4,"1,371.80",7,4.5,10.8,25.7,0.3,0.2,82.2,,KennyPickettPIT,Kenny,Pickett,PIT,144,89,1345.8,8.1,6,6,93.3,0.7,0.3,93.4,,JoeFlaccoNYJ,Joe,Flacco,NYJ,172.5,105.2,1187,5.6,3.8,7.9,27.9,0.2,1,68.1
DesmondRidderATL,Desmond,Ridder,ATL,0,0,"1,192.80",5.4,5.5,0,94.6,1,0.4,78.2,,DesmondRidderATL,Desmond,Ridder,ATL,17,11,650.9,3.2,3.2,1,49.3,0.5,0.2,43,,KennyPickettPIT,Kenny,Pickett,PIT,72,44.5,412,2.5,2,3,9,0,0,25.4
KennyPickettPIT,Kenny,Pickett,PIT,0,0,933.8,5.6,4,0,84.3,0.7,0.6,67.4,,JoeFlaccoNYJ,Joe,Flacco,NYJ,55,34,574.8,3.3,1.7,5,15.7,0.1,0.6,35.7,,TaysomHillNO,Taysom,Hill,NO,11,7.2,77.8,0.3,0.3,21.7,99.6,0.9,0,19.7
SamDarnoldCAR,Sam,Darnold,CAR,0,0,446.8,2.2,1.8,0,29.7,0.4,0.3,29.5,,SamDarnoldCAR,Sam,Darnold,CAR,18,11,504.8,2.7,2.3,3,36.2,0.4,0.2,34.3,,JoshuaDobbsCLE,Joshua,Dobbs,CLE,20,14,113,1,0,5,23,0,0,10.8
JoshuaDobbsCLE,Joshua,Dobbs,CLE,0,0,431.6,1.2,2.5,0,63.3,0.5,0.2,28.7,,JoshuaDobbsCLE,Joshua,Dobbs,CLE,20,14,272.3,1.1,1.2,5,43.2,0.3,0.1,19.7,,DrewLockSEA,Drew,Lock,SEA,23,14.5,158,1,0.5,2,9.5,0,0,10.8
MalikWillisTEN,Malik,Willis,TEN,0,0,337.1,1.6,2,0,11.5,0.5,0.2,21.2,,DrewLockSEA,Drew,Lock,SEA,46,29,278.2,1.8,1.4,4,9.8,0.1,0.1,18.4,,KyleTraskTB,Kyle,Trask,TB,22,13,135,1,0,1,3,0,0,9.7
TaysomHillNO,Taysom,Hill,NO,11,7.2,77.8,0.3,0.3,21.7,99.6,0.9,0,19.7,,AndyDaltonNO,Andy,Dalton,NO,20,13,277.6,1.5,1,5,15.9,0.1,0.1,18.3,,CooperRushDAL,Cooper,Rush,DAL,25,15,157,1,1,5,4,0,0,9.7
ShaneBuecheleKC,Shane,Buechele,KC,0,0,287.1,0.9,1.7,0,8.3,0.4,0.2,16.2,,TylerHuntleyBAL,Tyler,Huntley,BAL,24,16,244.3,1.3,1.3,6,32,0.2,0.1,18.2,,MalikWillisTEN,Malik,Willis,TEN,16,11,113,1,1,1,5,0,0,8
JoshJohnsonDEN,Josh,Johnson,DEN,0,0,260.7,1.6,2.1,0,0.3,0.2,0.2,15.2,,TrevorSiemianCHI,Trevor,Siemian,CHI,21,13,294.5,1.3,1.8,3,7.6,0.1,0,16.3,,CaseKeenumBUF,Case,Keenum,BUF,12.5,8,95.5,1,0.5,1,5.5,0,0,7.9
AndyDaltonNO,Andy,Dalton,NO,0,0,209.1,1,1,0,6.9,0.1,0.1,12.5,,ShaneBuecheleKC,Shane,Buechele,KC,0,0,287.1,0.9,1.7,0,8.3,0.4,0.2,16.2,,DesmondRidderATL,Desmond,Ridder,ATL,17,11,109,1,1,1,4,0,0,7.8
TylerHuntleyBAL,Tyler,Huntley,BAL,0,0,162.8,0.8,0.8,0,17.5,0.2,0.2,11.8,,CaseKeenumBUF,Case,Keenum,BUF,25,16,191,2,1,2,11,0,0,15.7,,TylerHuntleyBAL,Tyler,Huntley,BAL,12,8,81.5,0.5,0.5,3,14.5,0,0,6.2
TrevorSiemianCHI,Trevor,Siemian,CHI,0,0,225,0.8,1.3,0,0.6,0.1,0.1,11.2,,JoshJohnsonDEN,Josh,Johnson,DEN,0,0,260.7,1.6,2.1,0,0.3,0.2,0.2,15.2,,TeddyBridgewaterMIA,Teddy,Bridgewater,MIA,16,10.5,106.5,0.5,0.5,1,3.5,0,0,6.1
JimmyGaroppoloSF,Jimmy,Garoppolo,SF,0,0,188.9,0.6,0.8,0,0.4,0,0.1,9.1,,MalikWillisTEN,Malik,Willis,TEN,16,11,225.1,1.3,1.5,1,8.3,0.2,0.1,14.6,,TyrodTaylorNYG,Tyrod,Taylor,NYG,14.5,9,90,0.5,0.5,1,9.5,0,0,6.1
JordanLoveGB,Jordan,Love,GB,0,0,160.6,0.4,0.8,0,0.3,0.1,0.1,7.9,,JimmyGaroppoloSF,Jimmy,Garoppolo,SF,22,15,280.4,1.1,1.3,2,1.9,0,0,14.5,,JarrettStidhamLV,Jarrett,Stidham,LV,13,9,100.5,0.5,0.5,2,3.5,0,0,5.9
DrewLockSEA,Drew,Lock,SEA,0,0,120.2,0.8,0.9,0,0.3,0.1,0.1,7.5,,BlaineGabbertTB,Blaine,Gabbert,TB,0,0,257.7,0.9,1.3,0,0.8,0.2,0,13.7,,JohnWolfordLAR,John,Wolford,LAR,12,7.5,86.5,0.5,0.5,2,8.5,0,0,5.8
BrianHoyerNE,Brian,Hoyer,NE,0,0,136.9,0.5,0.7,0,0.5,0.1,0.2,7.2,,JordanLoveGB,Jordan,Love,GB,22,11,224.6,0.9,0.8,5,10.3,0.1,0.1,13.6,,NickFolesIND,Nick,Foles,IND,11,7,75,0.5,0.5,2.5,13,0,0,5.8
BlaineGabbertTB,Blaine,Gabbert,TB,0,0,128.8,0.5,0.6,0,0.4,0.1,0,6.8,,TeddyBridgewaterMIA,Teddy,Bridgewater,MIA,32,21,213,1,1,2,7,0,0,12.2,,ChaseDanielLAC,Chase,Daniel,LAC,13.5,8.5,92.5,0.5,0.5,2,6,0,0,5.8
NateSudfeldDET,Nate,Sudfeld,DET,0,0,105.3,0.5,0.7,0,0.5,0.1,0.3,6.1,,BrianHoyerNE,Brian,Hoyer,NE,21,14,212.4,1,1.2,5,2.5,0.1,0.1,12.1,,GardnerMinshewPHI,Gardner,Minshew,PHI,10.5,6.5,74,0.5,0.5,2.5,13,0,0,5.8
GardnerMinshewPHI,Gardner,Minshew,PHI,0,0,90,0.6,0.4,0,1.2,0.1,0.1,5.9,,TyrodTaylorNYG,Tyrod,Taylor,NYG,29,18,180,1,1,2,19,0,0,12.1,,AndyDaltonNO,Andy,Dalton,NO,10,6.5,68.5,0.5,0,2.5,9,0,0,5.6
PJWalkerCAR,PJ,Walker,CAR,0,0,0,0,0,0,0,0,0,0,,GardnerMinshewPHI,Gardner,Minshew,PHI,21,13,164,1.1,0.9,5,14.2,0.1,0,11.7,,ColtMcCoyARI,Colt,McCoy,ARI,12,8,86,0.5,0.5,1.5,7,0,0,5.6
IanBookPHI,Ian,Book,PHI,0,0,0,0,0,0,0,0,0,0,,JarrettStidhamLV,Jarrett,Stidham,LV,26,18,201,1,1,4,7,0,0,11.7,,JordanLoveGB,Jordan,Love,GB,11,5.5,64,0.5,0,2.5,10,0,0,5.6
C.J.BeathardJAC,C.J.,Beathard,JAC,0,0,0,0,0,0,0,0,0,0,,JohnWolfordLAR,John,Wolford,LAR,24,15,173,1,1,4,17,0,0,11.6,,ChadHenneKC,Chad,Henne,KC,13.5,8.5,91,0.5,0.5,2,3.5,0,0,5.5
TyrodTaylorNYG,Tyrod,Taylor,NYG,0,0,0,0,0,0,0,0,0,0,,NickFolesIND,Nick,Foles,IND,22,14,150,1,1,5,26,0,0,11.6,,MasonRudolphPIT,Mason,Rudolph,PIT,13,8.5,77,0.5,0.5,2,7.5,0,0,5.3
KellenMondCLE,Kellen,Mond,CLE,0,0,0,0,0,0,0,0,0,0,,ChaseDanielLAC,Chase,Daniel,LAC,27,17,185,1,1,4,12,0,0,11.6,,TaylorHeinickeWAS,Taylor,Heinicke,WAS,11,7,71.5,0.5,0.5,2.5,9.5,0,0,5.3
NathanPetermanCHI,Nathan,Peterman,CHI,0,0,0,0,0,0,0,0,0,0,,NateSudfeldDET,Nate,Sudfeld,DET,24,14,174.3,1,1.2,3,9.5,0.1,0.1,11.5,,JimmyGaroppoloSF,Jimmy,Garoppolo,SF,11,7.5,91.5,0.5,0.5,1,1.5,0,0,5.3
MasonRudolphPIT,Mason,Rudolph,PIT,0,0,0,0,0,0,0,0,0,0,,ColtMcCoyARI,Colt,McCoy,ARI,24,16,172,1,1,3,14,0,0,11.3,,NateSudfeldDET,Nate,Sudfeld,DET,12,7,69,0.5,0.5,1.5,9,0,0,5.2
JohnWolfordLAR,John,Wolford,LAR,0,0,0,0,0,0,0,0,0,0,,ChadHenneKC,Chad,Henne,KC,27,17,182,1,1,4,7,0,0,11,,TrevorSiemianCHI,Trevor,Siemian,CHI,10.5,6.5,69.5,0.5,0.5,1.5,7,0,0,5
NickFolesIND,Nick,Foles,IND,0,0,0,0,0,0,0,0,0,0,,MasonRudolphPIT,Mason,Rudolph,PIT,26,17,154,1,1,4,15,0,0,10.7,,BrianHoyerNE,Brian,Hoyer,NE,10.5,7,75.5,0.5,0.5,2.5,2,0,0,4.7
TaylorHeinickeWAS,Taylor,Heinicke,WAS,0,0,0,0,0,0,0,0,0,0,,TaylorHeinickeWAS,Taylor,Heinicke,WAS,22,14,143,1,1,5,19,0,0,10.6,,MikeWhiteNYJ,Mike,White,NYJ,11,6.5,72.5,0.5,0.5,2,1.5,0,0,4.6
JarrettStidhamLV,Jarrett,Stidham,LV,0,0,0,0,0,0,0,0,0,0,,C.J.BeathardJAC,C.J.,Beathard,JAC,25,15,154,1,0,4,16,0,1,9.8,,SamDarnoldCAR,Sam,Darnold,CAR,9,5.5,58,0.5,0.5,1.5,6.5,0,0,4.5
ChadHenneKC,Chad,Henne,KC,0,0,0,0,0,0,0,0,0,0,,KyleTraskTB,Kyle,Trask,TB,22,13,135,1,0,1,3,0,0,9.7,,C.J.BeathardJAC,C.J.,Beathard,JAC,12.5,7.5,77,0.5,0,2,8,0,1,3.9
CaseKeenumBUF,Case,Keenum,BUF,0,0,0,0,0,0,0,0,0,0,,CooperRushDAL,Cooper,Rush,DAL,25,15,157,1,1,5,4,0,0,9.7,,NickMullensMIN,Nick,Mullens,MIN,12,7.5,89,0.5,0.5,2.5,3,0,1,3.4
BrandonAllenCIN,Brandon,Allen,CIN,0,0,0,0,0,0,0,0,0,0,,MikeWhiteNYJ,Mike,White,NYJ,22,13,145,1,1,4,3,0,0,9.1,,KyleAllenHOU,Kyle,Allen,HOU,11,7,72.5,0.5,0.5,1,3.5,0,1,2.8
JacobEasonCAR,Jacob,Eason,CAR,0,0,0,0,0,0,0,0,0,0,,NickMullensMIN,Nick,Mullens,MIN,24,15,178,1,1,5,6,0,1,8.7,,JaredBernhardtATL,Jared,Bernhardt,ATL,0,0,0,0,0,1,4,0,0,0.4
TeddyBridgewaterMIA,Teddy,Bridgewater,MIA,0,0,0,0,0,0,0,0,0,0,,KyleAllenHOU,Kyle,Allen,HOU,22,14,145,1,1,2,7,0,1,7.5,,JeffDriskelHOU,Jeff,Driskel,HOU,0,0,0,0,0,0,0,0,0,0
RyanGriffinTB,Ryan,Griffin,TB,0,0,0,0,0,0,0,0,0,0,,JaredBernhardtATL,Jared,Bernhardt,ATL,0,0,0,0,0,1,4,0,0,0.4,,SamEhlingerIND,Sam,Ehlinger,IND,0,0,0,0,0,0,0,0,0,0
ColtMcCoyARI,Colt,McCoy,ARI,0,0,0,0,0,0,0,0,0,0,,StoneSmarttLAC,Stone,Smartt,LAC,0,0,0,0,0,0,0,0,0,0,,BrandonAllenCIN,Brandon,Allen,CIN,0,0,0,0,0,0,0,0,0,0
FeleipeFranksATL,Feleipe,Franks,ATL,0,0,0,0,0,0,0,0,0,0,,ArmaniRogersWAS,Armani,Rogers,WAS,0,0,0,0,0,0,0,0,0,0,,IanBookPHI,Ian,Book,PHI,0,0,0,0,0,0,0,0,0,0
JeffDriskelHOU,Jeff,Driskel,HOU,0,0,0,0,0,0,0,0,0,0,,,,,,,,,,,,,,,,,StoneSmarttLAC,Stone,Smartt,LAC,0,0,0,0,0,0,0,0,0,0
NickMullensMIN,Nick,Mullens,MIN,0,0,0,0,0,0,0,0,0,0,,,,,,,,,,,,,,,,,RyanGriffinTB,Ryan,Griffin,TB,0,0,0,0,0,0,0,0,0,0
BrettRypienDEN,Brett,Rypien,DEN,0,0,0,0,0,0,0,0,0,0,,,,,,,,,,,,,,,,,KellenMondCLE,Kellen,Mond,CLE,0,0,0,0,0,0,0,0,0,0
ChaseDanielLAC,Chase,Daniel,LAC,0,0,0,0,0,0,0,0,0,0,,,,,,,,,,,,,,,,,BrettRypienDEN,Brett,Rypien,DEN,0,0,0,0,0,0,0,0,0,0
MikeWhiteNYJ,Mike,White,NYJ,0,0,0,0,0,0,0,0,0,0,,,,,,,,,,,,,,,,,EastonStickLAC,Easton,Stick,LAC,0,0,0,0,0,0,0,0,0,0
SeanMannionSEA,Sean,Mannion,SEA,0,0,0,0,0,0,0,0,0,0,,,,,,,,,,,,,,,,,BlaineGabbertTB,Blaine,Gabbert,TB,0,0,0,0,0,0,0,0,0,0
KyleAllenHOU,Kyle,Allen,HOU,0,0,0,0,0,0,0,0,0,0,,,,,,,,,,,,,,,,,PJWalkerCAR,PJ,Walker,CAR,0,0,0,0,0,0,0,0,0,0
EastonStickLAC,Easton,Stick,LAC,0,0,0,0,0,0,0,0,0,0,,,,,,,,,,,,,,,,,ArmaniRogersWAS,Armani,Rogers,WAS,0,0,0,0,0,0,0,0,0,0
SamEhlingerIND,Sam,Ehlinger,IND,0,0,0,0,0,0,0,0,0,0,,,,,,,,,,,,,,,,,SeanMannionSEA,Sean,Mannion,SEA,0,0,0,0,0,0,0,0,0,0
,,,,,,,,,,,,,,,,,,,,,,,,,,,,,,JacobEasonCAR,Jacob,Eason,CAR,0,0,0,0,0,0,0,0,0,0
,,,,,,,,,,,,,,,,,,,,,,,,,,,,,,NathanPetermanCHI,Nathan,Peterman,CHI,0,0,0,0,0,0,0,0,0,0
,,,,,,,,,,,,,,,,,,,,,,,,,,,,,,FeleipeFranksATL,Feleipe,Franks,ATL,0,0,0,0,0,0,0,0,0,0
,,,,,,,,,,,,,,,,,,,,,,,,,,,,,,,,,,,,,,,,,,,
,A,,NF,,,,,,,,,,,,,,,,,,,,,,,,,,,,,,,,,,,,,,,,
,B,,NFL,,,,,,,,,,,,,,,,,,,,,,,,,,,,,,,,,,,,,,,,
,C,,CBS,,,,,,,,,,,,,,,,,,,,,,,,,,,,,,,,,,,,,,,,
,,,,,,,,,,,,,,,,,,,,,,,,,,,,,,,,,,,,,,,,,,,
,,,,,,,,,,,,,,,,,,,,,,,,,,,,,,,,,,,,,,,,,,,
NumberFire,First,Last,Team,ATT,CMP,YDS,TDS,INTS,ATT,YDS,TDS,FL,FPTS,,,,,,,,,,,,,,,,,,,,,,,,,,,,,,
JoshAllenBUF,Josh,Allen,BUF,623.2,399.8,4337.2,35.4,14.2,129.5,628.8,7.9,3.3,404,,,,,,,,,,,,,,,,,,,,,,,,,,,,,,
PatrickMahomesKC,Patrick,Mahomes,KC,631.3,409.8,4616.6,40.2,10.4,69.9,318.8,3.1,2.1,381.1,,,,,,,,,,,,,,,,,,,,,,,,,,,,,,
KylerMurrayARI,Kyler,Murray,ARI,607.1,394.5,4294.2,27.7,10.4,145.2,632.1,6.4,0.9,371.6,,,,,,,,,,,,,,,,,,,,,,,,,,,,,,
LamarJacksonBAL,Lamar,Jackson,BAL,530,346.2,3932.8,28.3,12.5,134,822.1,5.6,2.9,367.9,,,,,,,,,,,,,,,,,,,,,,,,,,,,,,
JustinHerbertLAC,Justin,Herbert,LAC,610,408.1,4603.5,33.2,10.2,82.5,344,3.5,0.7,360.3,,,,,,,,,,,,,,,,,,,,,,,,,,,,,,
JalenHurtsPHI,Jalen,Hurts,PHI,552.5,350.7,3748.4,28,11.8,152.8,715.8,7.6,1.9,363.3,,,,,,,,,,,,,,,,,,,,,,,,,,,,,,
DakPrescottDAL,Dak,Prescott,DAL,596.2,394,4435.7,34.4,8.6,61.7,278.8,3,3.7,344.6,,,,,,,,,,,,,,,,,,,,,,,,,,,,,,
TomBradyTB,Tom,Brady,TB,616.5,410.8,4656.6,41,11,21.4,57.7,0.9,1.9,346.2,,,,,,,,,,,,,,,,,,,,,,,,,,,,,,
MatthewStaffordLAR,Matthew,Stafford,LAR,619.2,402.7,4566.8,37,12.8,28.4,128.6,1.4,1.9,335.4,,,,,,,,,,,,,,,,,,,,,,,,,,,,,,
TreyLanceSF,Trey,Lance,SF,584.6,385.4,3758.9,28.2,12.5,109,533.4,5.8,2.9,333.3,,,,,,,,,,,,,,,,,,,,,,,,,,,,,,
AaronRodgersGB,Aaron,Rodgers,GB,603.5,405.3,4313.8,32.2,5.7,43.7,196.8,1.4,0.9,321.9,,,,,,,,,,,,,,,,,,,,,,,,,,,,,,
JoeBurrowCIN,Joe,Burrow,CIN,586.9,406.4,4535,30.6,7.4,71.7,286.6,2.5,0.9,338.1,,,,,,,,,,,,,,,,,,,,,,,,,,,,,,
DerekCarrLV,Derek,Carr,LV,589.2,383.8,4438.4,31,10.4,54.8,200.2,1.8,3,316.2,,,,,,,,,,,,,,,,,,,,,,,,,,,,,,
KirkCousinsMIN,Kirk,Cousins,MIN,614.9,405.5,4360.2,31.6,11.4,17.6,88.6,1,2,299.8,,,,,,,,,,,,,,,,,,,,,,,,,,,,,,
RussellWilsonDEN,Russell,Wilson,DEN,559.2,383.8,4258,30.4,9.4,55.7,314.8,2.2,1.4,324.7,,,,,,,,,,,,,,,,,,,,,,,,,,,,,,
TuaTagovailoaMIA,Tua,Tagovailoa,MIA,595.2,392.1,4133.7,27.3,13.2,52.8,246.6,2.2,1.4,296.2,,,,,,,,,,,,,,,,,,,,,,,,,,,,,,
JustinFieldsCHI,Justin,Fields,CHI,520.9,318.6,3675.7,20.6,12.3,139.4,566.2,4.8,4.3,293.2,,,,,,,,,,,,,,,,,,,,,,,,,,,,,,
RyanTannehillTEN,Ryan,Tannehill,TEN,543.2,353.3,3783.5,25.2,9.8,64.8,293.9,3,1.9,285.6,,,,,,,,,,,,,,,,,,,,,,,,,,,,,,
JameisWinstonNO,Jameis,Winston,NO,554.7,359.1,4033.8,25.6,12.6,24.8,165.6,1.3,2.1,271.2,,,,,,,,,,,,,,,,,,,,,,,,,,,,,,
DanielJonesNYG,Daniel,Jones,NYG,593.3,379.1,3845.8,21.2,16.9,124.8,516.4,4.4,4.6,290.9,,,,,,,,,,,,,,,,,,,,,,,,,,,,,,
TrevorLawrenceJAC,Trevor,Lawrence,JAC,552.5,354.8,4039,24.8,11.2,57.3,279.4,2.3,2.4,286,,,,,,,,,,,,,,,,,,,,,,,,,,,,,,
MacJonesNE,Mac,Jones,NE,579.2,380.9,3932.5,25.4,12.5,35.7,165.3,1.5,2.3,267.2,,,,,,,,,,,,,,,,,,,,,,,,,,,,,,
MattRyanIND,Matt,Ryan,IND,578.9,388.7,3992.6,25.6,10,22.6,114,1.2,3.5,263.9,,,,,,,,,,,,,,,,,,,,,,,,,,,,,,
CarsonWentzWAS,Carson,Wentz,WAS,565.9,357.2,3801.4,24.2,11.1,61,277.2,2.6,3.6,273.1,,,,,,,,,,,,,,,,,,,,,,,,,,,,,,
MarcusMariotaATL,Marcus,Mariota,ATL,555.2,339.8,3809.8,20,14.1,109,408,3.9,0.7,281,,,,,,,,,,,,,,,,,,,,,,,,,,,,,,
JaredGoffDET,Jared,Goff,DET,572,360.7,3861.6,22.3,11.5,26.9,108.3,1.2,3.5,242.7,,,,,,,,,,,,,,,,,,,,,,,,,,,,,,
GenoSmithSEA,Geno,Smith,SEA,589.3,391.3,3743.6,20.6,17.9,44,176.3,1.9,2.1,239.3,,,,,,,,,,,,,,,,,,,,,,,,,,,,,,
DavisMillsHOU,Davis,Mills,HOU,588.9,380.9,3943.2,19.2,12.9,57.9,217.4,1.6,1,251.2,,,,,,,,,,,,,,,,,,,,,,,,,,,,,,
MitchTrubiskyPIT,Mitch,Trubisky,PIT,628.8,417.7,3979.4,23.8,16.6,100.5,347.4,3.1,0.9,289.1,,,,,,,,,,,,,,,,,,,,,,,,,,,,,,
BakerMayfieldCAR,Baker,Mayfield,CAR,561.8,352.7,3916.6,23.4,15.6,47.3,192.4,1.6,1.8,259.7,,,,,,,,,,,,,,,,,,,,,,,,,,,,,,
JacobyBrissettCLE,Jacoby,Brissett,CLE,304.7,184.9,1996.6,11.5,7.4,36.6,144.6,1.8,2.4,138.8,,,,,,,,,,,,,,,,,,,,,,,,,,,,,,
ZachWilsonNYJ,Zach,Wilson,NYJ,164.6,109.7,1879.6,11.5,6,32.8,151.4,1.4,0.9,136.6,,,,,,,,,,,,,,,,,,,,,,,,,,,,,,
DeshaunWatsonCLE,Deshaun,Watson,CLE,229.2,159.7,1927.4,9.7,4.9,46.9,203.6,1.2,0,138.7,,,,,,,,,,,,,,,,,,,,,,,,,,,,,,
JoeFlaccoNYJ,Joe,Flacco,NYJ,407.4,247.6,1984,9.3,6.6,13.7,37.9,0.4,0.6,114.6,,,,,,,,,,,,,,,,,,,,,,,,,,,,,,
DesmondRidderATL,Desmond,Ridder,ATL,0,0,650.9,3.2,3.3,0,49.3,0.5,0.2,43,,,,,,,,,,,,,,,,,,,,,,,,,,,,,,
KennyPickettPIT,Kenny,Pickett,PIT,-72,-44.5,0,0,0,-3,0,0,0.3,-0.6,,,,,,,,,,,,,,,,,,,,,,,,,,,,,,
SamDarnoldCAR,Sam,Darnold,CAR,-9,-5.5,0,0,0,-1.5,0,0,0.1,-0.3,,,,,,,,,,,,,,,,,,,,,,,,,,,,,,
JoshuaDobbsCLE,Joshua,Dobbs,CLE,0,0,272.3,1.1,1.3,0,43.1,0.2,0.1,19.8,,,,,,,,,,,,,,,,,,,,,,,,,,,,,,
MalikWillisTEN,Malik,Willis,TEN,0,0,225,1.3,1.5,0,8.2,0.3,0.1,14.6,,,,,,,,,,,,,,,,,,,,,,,,,,,,,,
AndyDaltonNO,Andy,Dalton,NO,-10,-6.5,0,0,0,-2.5,0,0,0,-0.2,,,,,,,,,,,,,,,,,,,,,,,,,,,,,,
TylerHuntleyBAL,Tyler,Huntley,BAL,-12,-8,0,0,0,-3,0,0,0.1,-0.2,,,,,,,,,,,,,,,,,,,,,,,,,,,,,,
TrevorSiemianCHI,Trevor,Siemian,CHI,-10.5,-6.5,0,0,0,-1.5,0,0,0.1,-0.1,,,,,,,,,,,,,,,,,,,,,,,,,,,,,,
JimmyGaroppoloSF,Jimmy,Garoppolo,SF,-11,-7.5,0,0,0,-1,0,0,0.1,-0.1,,,,,,,,,,,,,,,,,,,,,,,,,,,,,,
JordanLoveGB,Jordan,Love,GB,-11,-5.5,0,0,0,-2.5,0,0,0,-0.1,,,,,,,,,,,,,,,,,,,,,,,,,,,,,,
DrewLockSEA,Drew,Lock,SEA,-23,-14.5,0,0,0,-2,0,0,0,-0.1,,,,,,,,,,,,,,,,,,,,,,,,,,,,,,
BrianHoyerNE,Brian,Hoyer,NE,-10.5,-7,0,0,0,-2.5,0,0,0.1,-0.2,,,,,,,,,,,,,,,,,,,,,,,,,,,,,,
BlaineGabbertTB,Blaine,Gabbert,TB,0,0,-128.9,-0.4,-0.7,0,-0.4,-0.1,0,-6.9,,,,,,,,,,,,,,,,,,,,,,,,,,,,,,
NateSudfeldDET,Nate,Sudfeld,DET,-12,-7,0,0,0,-1.5,0,0,0.2,-0.2,,,,,,,,,,,,,,,,,,,,,,,,,,,,,,
GardnerMinshewPHI,Gardner,Minshew,PHI,-10.5,-6.5,0,0,0,-2.5,0,0,0.1,0,,,,,,,,,,,,,,,,,,,,,,,,,,,,,,
C.J.BeathardJAC,C.J.,Beathard,JAC,-12.5,-7.5,-77,-0.5,0,-2,-8,0,0,-5.9,,,,,,,,,,,,,,,,,,,,,,,,,,,,,,
TyrodTaylorNYG,Tyrod,Taylor,NYG,-14.5,-9,-90,-0.5,-0.5,-1,-9.5,0,0,-6,,,,,,,,,,,,,,,,,,,,,,,,,,,,,,
MasonRudolphPIT,Mason,Rudolph,PIT,-13,-8.5,-77,-0.5,-0.5,-2,-7.5,0,0,-5.4,,,,,,,,,,,,,,,,,,,,,,,,,,,,,,
JohnWolfordLAR,John,Wolford,LAR,-12,-7.5,-86.5,-0.5,-0.5,-2,-8.5,0,0,-5.8,,,,,,,,,,,,,,,,,,,,,,,,,,,,,,
NickFolesIND,Nick,Foles,IND,-11,-7,-75,-0.5,-0.5,-2.5,-13,0,0,-5.8,,,,,,,,,,,,,,,,,,,,,,,,,,,,,,
TaylorHeinickeWAS,Taylor,Heinicke,WAS,-11,-7,-71.5,-0.5,-0.5,-2.5,-9.5,0,0,-5.3,,,,,,,,,,,,,,,,,,,,,,,,,,,,,,
JarrettStidhamLV,Jarrett,Stidham,LV,-13,-9,-100.5,-0.5,-0.5,-2,-3.5,0,0,-5.8,,,,,,,,,,,,,,,,,,,,,,,,,,,,,,
ChadHenneKC,Chad,Henne,KC,-13.5,-8.5,-91,-0.5,-0.5,-2,-3.5,0,0,-5.5,,,,,,,,,,,,,,,,,,,,,,,,,,,,,,
CaseKeenumBUF,Case,Keenum,BUF,-12.5,-8,-95.5,-1,-0.5,-1,-5.5,0,0,-7.8,,,,,,,,,,,,,,,,,,,,,,,,,,,,,,
TeddyBridgewaterMIA,Teddy,Bridgewater,MIA,-16,-10.5,-106.5,-0.5,-0.5,-1,-3.5,0,0,-6.1,,,,,,,,,,,,,,,,,,,,,,,,,,,,,,
ColtMcCoyARI,Colt,McCoy,ARI,-12,-8,-86,-0.5,-0.5,-1.5,-7,0,0,-5.7,,,,,,,,,,,,,,,,,,,,,,,,,,,,,,
NickMullensMIN,Nick,Mullens,MIN,-12,-7.5,-89,-0.5,-0.5,-2.5,-3,0,0,-5.3,,,,,,,,,,,,,,,,,,,,,,,,,,,,,,
ChaseDanielLAC,Chase,Daniel,LAC,-13.5,-8.5,-92.5,-0.5,-0.5,-2,-6,0,0,-5.8,,,,,,,,,,,,,,,,,,,,,,,,,,,,,,
MikeWhiteNYJ,Mike,White,NYJ,-11,-6.5,-72.5,-0.5,-0.5,-2,-1.5,0,0,-4.5,,,,,,,,,,,,,,,,,,,,,,,,,,,,,,
KyleAllenHOU,Kyle,Allen,HOU,-11,-7,-72.5,-0.5,-0.5,-1,-3.5,0,0,-4.7,,,,,,,,,,,,,,,,,,,,,,,,,,,,,,
,,,,,,,,,,,,,,,,,,,,,,,,,,,,,,,,,,,,,,,,,,,
NFL,First,Last,Team,ATT,CMP,YDS,TDS,INTS,ATT,YDS,TDS,FL,FPTS,,,,,,,,,,,,,,,,,,,,,,,,,,,,,,
JoshAllenBUF,Josh,Allen,BUF,621.6,390.8,4571,36,18,127.5,766,5.9,4.7,412.2,,,,,,,,,,,,,,,,,,,,,,,,,,,,,,
PatrickMahomesKC,Patrick,Mahomes,KC,665.5,455.4,4850,35,14,71.3,403,3.1,3.9,370.7,,,,,,,,,,,,,,,,,,,,,,,,,,,,,,
KylerMurrayARI,Kyler,Murray,ARI,560.3,400.5,4211,27.9,15,83.6,467.9,5,1.1,340.2,,,,,,,,,,,,,,,,,,,,,,,,,,,,,,
LamarJacksonBAL,Lamar,Jackson,BAL,612.6,390,3995,26.1,17.1,203.4,1158.1,4,5.1,376.5,,,,,,,,,,,,,,,,,,,,,,,,,,,,,,
JustinHerbertLAC,Justin,Herbert,LAC,679.4,455.9,4864.9,34,16,55.1,288,3.1,1.3,358.9,,,,,,,,,,,,,,,,,,,,,,,,,,,,,,
JalenHurtsPHI,Jalen,Hurts,PHI,498.5,296.5,3617,26,14,154.4,847,9,2.1,369.3,,,,,,,,,,,,,,,,,,,,,,,,,,,,,,
DakPrescottDAL,Dak,Prescott,DAL,616,423.4,4518.1,31,14,54.1,197,2,8.3,305.8,,,,,,,,,,,,,,,,,,,,,,,,,,,,,,
TomBradyTB,Tom,Brady,TB,734.5,481.8,4937,35,14,31.6,58.1,2.1,4.1,333,,,,,,,,,,,,,,,,,,,,,,,,,,,,,,
MatthewStaffordLAR,Matthew,Stafford,LAR,581.6,409.7,4819,34,17,45.2,82,2,2.1,327.8,,,,,,,,,,,,,,,,,,,,,,,,,,,,,,
TreyLanceSF,Trey,Lance,SF,397.2,214.2,3552.1,24,16.1,161,682,5,5.1,310.1,,,,,,,,,,,,,,,,,,,,,,,,,,,,,,
AaronRodgersGB,Aaron,Rodgers,GB,528.1,356.9,4177,33,8.1,36.1,125,2,1.1,313.3,,,,,,,,,,,,,,,,,,,,,,,,,,,,,,
JoeBurrowCIN,Joe,Burrow,CIN,561.7,373.8,4511,30,16,32.1,151,1.9,1.1,309.3,,,,,,,,,,,,,,,,,,,,,,,,,,,,,,
DerekCarrLV,Derek,Carr,LV,663.6,457.4,4964,27,17,28.4,112,1,7,292.6,,,,,,,,,,,,,,,,,,,,,,,,,,,,,,
KirkCousinsMIN,Kirk,Cousins,MIN,581.7,375.5,4422,33,13,35.4,112,1,4,305,,,,,,,,,,,,,,,,,,,,,,,,,,,,,,
RussellWilsonDEN,Russell,Wilson,DEN,565.6,376,4260,29,9,68.1,288,2,2.6,312.9,,,,,,,,,,,,,,,,,,,,,,,,,,,,,,
TuaTagovailoaMIA,Tua,Tagovailoa,MIA,608.2,401.3,4040.1,23.9,17,58.4,183,4,0.6,281.6,,,,,,,,,,,,,,,,,,,,,,,,,,,,,,
JustinFieldsCHI,Justin,Fields,CHI,519.7,317.8,3482.1,21,21.1,86.8,529,3,9.7,254,,,,,,,,,,,,,,,,,,,,,,,,,,,,,,
RyanTannehillTEN,Ryan,Tannehill,TEN,516.2,350.3,3714.1,27,18,54.4,286.9,4,4.1,283,,,,,,,,,,,,,,,,,,,,,,,,,,,,,,
JameisWinstonNO,Jameis,Winston,NO,487.1,292.3,3354,28,11,79.8,303,2.1,3.9,269.8,,,,,,,,,,,,,,,,,,,,,,,,,,,,,,
DanielJonesNYG,Daniel,Jones,NYG,524.9,324.3,3416,19,17.9,74.4,472,3,7.4,244.9,,,,,,,,,,,,,,,,,,,,,,,,,,,,,,
TrevorLawrenceJAC,Trevor,Lawrence,JAC,655.9,420.4,4251,24,14,76.9,328,1.9,5.6,285.6,,,,,,,,,,,,,,,,,,,,,,,,,,,,,,
MacJonesNE,Mac,Jones,NE,481.6,321.1,3694.1,24,20.1,48.1,139.1,0.1,3.7,230.4,,,,,,,,,,,,,,,,,,,,,,,,,,,,,,
MattRyanIND,Matt,Ryan,IND,504.3,318.5,3721,29,12,57.8,164,2,6.5,268.1,,,,,,,,,,,,,,,,,,,,,,,,,,,,,,
CarsonWentzWAS,Carson,Wentz,WAS,528.7,341,3505,22,13.9,61,209,1,8.4,224.5,,,,,,,,,,,,,,,,,,,,,,,,,,,,,,
MarcusMariotaATL,Marcus,Mariota,ATL,543,348,3576,21,18.9,17,235,1.1,-0.7,239,,,,,,,,,,,,,,,,,,,,,,,,,,,,,,
JaredGoffDET,Jared,Goff,DET,588,399.7,3783,24.9,14.1,27.1,97.1,1,8.5,236.1,,,,,,,,,,,,,,,,,,,,,,,,,,,,,,
GenoSmithSEA,Geno,Smith,SEA,356.9,213.5,2842,17,11.1,28,145.1,1.1,3.9,183.3,,,,,,,,,,,,,,,,,,,,,,,,,,,,,,
DavisMillsHOU,Davis,Mills,HOU,502.3,331.7,3550,21,18.9,16.7,67,0,1,211.6,,,,,,,,,,,,,,,,,,,,,,,,,,,,,,
MitchTrubiskyPIT,Mitch,Trubisky,PIT,543.8,326.1,3229,21,15,14.5,85,0.9,1.1,210.5,,,,,,,,,,,,,,,,,,,,,,,,,,,,,,
BakerMayfieldCAR,Baker,Mayfield,CAR,583.4,359.7,3657,21,17,40.3,119,1,4.2,222.7,,,,,,,,,,,,,,,,,,,,,,,,,,,,,,
JacobyBrissettCLE,Jacoby,Brissett,CLE,359.7,230.3,2459,16.1,10,27.8,135,2,5.6,166.8,,,,,,,,,,,,,,,,,,,,,,,,,,,,,,
ZachWilsonNYJ,Zach,Wilson,NYJ,629.2,366.1,3334,19.9,16,39.8,247,2,1.1,231.8,,,,,,,,,,,,,,,,,,,,,,,,,,,,,,
DeshaunWatsonCLE,Deshaun,Watson,CLE,183.6,125.5,1508.2,10.1,3.7,36.3,225.4,3.6,2,137.1,,,,,,,,,,,,,,,,,,,,,,,,,,,,,,
JoeFlaccoNYJ,Joe,Flacco,NYJ,-62.4,-37.2,390,1.9,1,2.1,17.9,0,1.4,21.6,,,,,,,,,,,,,,,,,,,,,,,,,,,,,,
DesmondRidderATL,Desmond,Ridder,ATL,34,22,-432.9,-1.2,-1.3,2,-41.3,-0.5,-0.2,-27.4,,,,,,,,,,,,,,,,,,,,,,,,,,,,,,
KennyPickettPIT,Kenny,Pickett,PIT,216,133.5,824,5,4,9,18,0,-0.3,51.4,,,,,,,,,,,,,,,,,,,,,,,,,,,,,,
SamDarnoldCAR,Sam,Darnold,CAR,27,16.5,116,1,1,4.5,13,0,-0.1,9.3,,,,,,,,,,,,,,,,,,,,,,,,,,,,,,
JoshuaDobbsCLE,Joshua,Dobbs,CLE,40,28,-46.3,0.9,-1.3,10,2.9,-0.2,-0.1,1.8,,,,,,,,,,,,,,,,,,,,,,,,,,,,,,
MalikWillisTEN,Malik,Willis,TEN,32,22,1,0.7,0.5,2,1.8,-0.3,-0.1,1.4,,,,,,,,,,,,,,,,,,,,,,,,,,,,,,
AndyDaltonNO,Andy,Dalton,NO,30,19.5,137,1,0,7.5,18,0,0,11.4,,,,,,,,,,,,,,,,,,,,,,,,,,,,,,
TylerHuntleyBAL,Tyler,Huntley,BAL,36,24,163,1,1,9,29,0,-0.1,12.6,,,,,,,,,,,,,,,,,,,,,,,,,,,,,,
TrevorSiemianCHI,Trevor,Siemian,CHI,31.5,19.5,139,1,1,4.5,14,0,-0.1,10.1,,,,,,,,,,,,,,,,,,,,,,,,,,,,,,
JimmyGaroppoloSF,Jimmy,Garoppolo,SF,33,22.5,183,1,1,3,3,0,-0.1,10.7,,,,,,,,,,,,,,,,,,,,,,,,,,,,,,
JordanLoveGB,Jordan,Love,GB,33,16.5,128,1,0,7.5,20,0,0,11.3,,,,,,,,,,,,,,,,,,,,,,,,,,,,,,
DrewLockSEA,Drew,Lock,SEA,69,43.5,316,2,1,6,19,0,0,21.7,,,,,,,,,,,,,,,,,,,,,,,,,,,,,,
BrianHoyerNE,Brian,Hoyer,NE,31.5,21,151,1,1,7.5,4,0,-0.1,9.6,,,,,,,,,,,,,,,,,,,,,,,,,,,,,,
BlaineGabbertTB,Blaine,Gabbert,TB,0,0,128.9,0.4,0.7,0,0.4,0.1,0,6.9,,,,,,,,,,,,,,,,,,,,,,,,,,,,,,
NateSudfeldDET,Nate,Sudfeld,DET,36,21,138,1,1,4.5,18,0,-0.2,10.6,,,,,,,,,,,,,,,,,,,,,,,,,,,,,,
GardnerMinshewPHI,Gardner,Minshew,PHI,31.5,19.5,148,1,1,7.5,26,0,-0.1,11.6,,,,,,,,,,,,,,,,,,,,,,,,,,,,,,
C.J.BeathardJAC,C.J.,Beathard,JAC,37.5,22.5,231,1.5,0,6,24,0,2,13.7,,,,,,,,,,,,,,,,,,,,,,,,,,,,,,
TyrodTaylorNYG,Tyrod,Taylor,NYG,43.5,27,270,1.5,1.5,3,28.5,0,0,18.2,,,,,,,,,,,,,,,,,,,,,,,,,,,,,,
MasonRudolphPIT,Mason,Rudolph,PIT,39,25.5,231,1.5,1.5,6,22.5,0,0,16,,,,,,,,,,,,,,,,,,,,,,,,,,,,,,
JohnWolfordLAR,John,Wolford,LAR,36,22.5,259.5,1.5,1.5,6,25.5,0,0,17.4,,,,,,,,,,,,,,,,,,,,,,,,,,,,,,
NickFolesIND,Nick,Foles,IND,33,21,225,1.5,1.5,7.5,39,0,0,17.4,,,,,,,,,,,,,,,,,,,,,,,,,,,,,,
TaylorHeinickeWAS,Taylor,Heinicke,WAS,33,21,214.5,1.5,1.5,7.5,28.5,0,0,15.9,,,,,,,,,,,,,,,,,,,,,,,,,,,,,,
JarrettStidhamLV,Jarrett,Stidham,LV,39,27,301.5,1.5,1.5,6,10.5,0,0,17.6,,,,,,,,,,,,,,,,,,,,,,,,,,,,,,
ChadHenneKC,Chad,Henne,KC,40.5,25.5,273,1.5,1.5,6,10.5,0,0,16.5,,,,,,,,,,,,,,,,,,,,,,,,,,,,,,
CaseKeenumBUF,Case,Keenum,BUF,37.5,24,286.5,3,1.5,3,16.5,0,0,23.6,,,,,,,,,,,,,,,,,,,,,,,,,,,,,,
TeddyBridgewaterMIA,Teddy,Bridgewater,MIA,48,31.5,319.5,1.5,1.5,3,10.5,0,0,18.3,,,,,,,,,,,,,,,,,,,,,,,,,,,,,,
ColtMcCoyARI,Colt,McCoy,ARI,36,24,258,1.5,1.5,4.5,21,0,0,16.9,,,,,,,,,,,,,,,,,,,,,,,,,,,,,,
NickMullensMIN,Nick,Mullens,MIN,36,22.5,267,1.5,1.5,7.5,9,0,2,12.1,,,,,,,,,,,,,,,,,,,,,,,,,,,,,,
ChaseDanielLAC,Chase,Daniel,LAC,40.5,25.5,277.5,1.5,1.5,6,18,0,0,17.4,,,,,,,,,,,,,,,,,,,,,,,,,,,,,,
MikeWhiteNYJ,Mike,White,NYJ,33,19.5,217.5,1.5,1.5,6,4.5,0,0,13.7,,,,,,,,,,,,,,,,,,,,,,,,,,,,,,
KyleAllenHOU,Kyle,Allen,HOU,33,21,217.5,1.5,1.5,3,10.5,0,2,10.3,,,,,,,,,,,,,,,,,,,,,,,,,,,,,,
,,,,,,,,,,,,,,,,,,,,,,,,,,,,,,,,,,,,,,,,,,,
CBS,First,Last,Team,ATT,CMP,YDS,TDS,INTS,ATT,YDS,TDS,FL,FPTS,,,,,,,,,,,,,,,,,,,,,,,,,,,,,,
JoshAllenBUF,Josh,Allen,BUF,622.4,395.2,4540,32,12.6,128.5,812.8,6.7,2.1,414.4,,,,,,,,,,,,,,,,,,,,,,,,,,,,,,
PatrickMahomesKC,Patrick,Mahomes,KC,648.5,432.6,5288.2,33.6,13.4,70.7,443.4,3.7,0.5,398.1,,,,,,,,,,,,,,,,,,,,,,,,,,,,,,
KylerMurrayARI,Kyler,Murray,ARI,583.7,397.5,4422.2,28.9,13.6,114.4,595.9,3.4,0.9,357,,,,,,,,,,,,,,,,,,,,,,,,,,,,,,
LamarJacksonBAL,Lamar,Jackson,BAL,571.4,368,3783.8,22.3,13.1,168.6,1049.1,4.8,0.7,360.1,,,,,,,,,,,,,,,,,,,,,,,,,,,,,,
JustinHerbertLAC,Justin,Herbert,LAC,644.6,432.1,4990.7,31.8,15,68.9,307.8,3.3,0.1,362.1,,,,,,,,,,,,,,,,,,,,,,,,,,,,,,
JalenHurtsPHI,Jalen,Hurts,PHI,525.5,323.5,3985.6,24.2,14.6,153.6,780.4,5.6,1.9,349.1,,,,,,,,,,,,,,,,,,,,,,,,,,,,,,
DakPrescottDAL,Dak,Prescott,DAL,606,408.6,4887.9,34.4,14.2,57.9,259.4,2.4,-0.9,361,,,,,,,,,,,,,,,,,,,,,,,,,,,,,,
TomBradyTB,Tom,Brady,TB,675.5,446.2,5446.2,35.8,12.2,26.4,14.3,0.9,-0.3,357.2,,,,,,,,,,,,,,,,,,,,,,,,,,,,,,
MatthewStaffordLAR,Matthew,Stafford,LAR,600.4,406.3,4940.4,33.8,12.8,36.8,181.8,2.2,1.7,347.6,,,,,,,,,,,,,,,,,,,,,,,,,,,,,,
TreyLanceSF,Trey,Lance,SF,490.8,299.8,3752.3,22.8,13.7,135,873.2,5,0.7,343.1,,,,,,,,,,,,,,,,,,,,,,,,,,,,,,
AaronRodgersGB,Aaron,Rodgers,GB,565.9,381.1,4926.4,35.2,10.1,39.9,101.6,1.6,0.7,345.7,,,,,,,,,,,,,,,,,,,,,,,,,,,,,,
JoeBurrowCIN,Joe,Burrow,CIN,574.3,390.2,4704,29.8,16.2,51.9,230.8,2.1,0.7,325.3,,,,,,,,,,,,,,,,,,,,,,,,,,,,,,
DerekCarrLV,Derek,Carr,LV,626.4,420.6,4773.2,30.8,13.4,41.6,129.6,1.4,-1.2,323.6,,,,,,,,,,,,,,,,,,,,,,,,,,,,,,
KirkCousinsMIN,Kirk,Cousins,MIN,598.3,390.5,4589.4,32.2,12.8,26.6,111.8,1.2,-0.2,318.8,,,,,,,,,,,,,,,,,,,,,,,,,,,,,,
RussellWilsonDEN,Russell,Wilson,DEN,562.4,380,3944.4,26.2,9,61.9,200,2,0.2,285.3,,,,,,,,,,,,,,,,,,,,,,,,,,,,,,
TuaTagovailoaMIA,Tua,Tagovailoa,MIA,601.8,396.7,4015.9,24.5,13.6,55.6,289.8,2.6,2.2,285,,,,,,,,,,,,,,,,,,,,,,,,,,,,,,
JustinFieldsCHI,Justin,Fields,CHI,520.3,318.2,3340.9,17.2,13.1,113.2,718.2,3.6,-0.9,284.8,,,,,,,,,,,,,,,,,,,,,,,,,,,,,,
RyanTannehillTEN,Ryan,Tannehill,TEN,529.8,351.7,3968.9,25.8,12.4,59.6,227.5,2.8,-0.3,290,,,,,,,,,,,,,,,,,,,,,,,,,,,,,,
JameisWinstonNO,Jameis,Winston,NO,520.9,325.7,3870.4,25.2,13.8,52.2,422,3.3,0.5,303.2,,,,,,,,,,,,,,,,,,,,,,,,,,,,,,
DanielJonesNYG,Daniel,Jones,NYG,559.1,351.7,3808.4,19.2,13.5,99.6,486.2,3,1.6,278.9,,,,,,,,,,,,,,,,,,,,,,,,,,,,,,
TrevorLawrenceJAC,Trevor,Lawrence,JAC,604.1,387.6,3776.2,19.2,14.8,67.1,417,3.1,-0.8,274.8,,,,,,,,,,,,,,,,,,,,,,,,,,,,,,
MacJonesNE,Mac,Jones,NE,530.4,350.9,4037.3,25.4,14.1,41.9,256.5,2.3,1.1,286.6,,,,,,,,,,,,,,,,,,,,,,,,,,,,,,
MattRyanIND,Matt,Ryan,IND,541.7,353.5,4159.8,25.6,11,40.2,191.6,1.6,0.3,286.1,,,,,,,,,,,,,,,,,,,,,,,,,,,,,,
CarsonWentzWAS,Carson,Wentz,WAS,547.3,349,3779.4,22,12.3,61,294.8,2,-1,270.1,,,,,,,,,,,,,,,,,,,,,,,,,,,,,,
MarcusMariotaATL,Marcus,Mariota,ATL,549,344,2866.2,14.8,7.9,63,508.2,4.3,2.3,238.2,,,,,,,,,,,,,,,,,,,,,,,,,,,,,,
JaredGoffDET,Jared,Goff,DET,580,380.3,4202,26.1,12.5,26.9,38.3,0.8,-1.5,271.3,,,,,,,,,,,,,,,,,,,,,,,,,,,,,,
GenoSmithSEA,Geno,Smith,SEA,473.1,302.5,3937,24.8,12.9,36,205.9,1.7,0.3,274.3,,,,,,,,,,,,,,,,,,,,,,,,,,,,,,
DavisMillsHOU,Davis,Mills,HOU,545.7,356.3,3855.4,23.2,13.5,37.3,107.4,1.4,1,250.2,,,,,,,,,,,,,,,,,,,,,,,,,,,,,,
MitchTrubiskyPIT,Mitch,Trubisky,PIT,586.2,371.9,2475.6,15.2,8.6,57.5,382.2,2.7,0.7,204.3,,,,,,,,,,,,,,,,,,,,,,,,,,,,,,
BakerMayfieldCAR,Baker,Mayfield,CAR,572.6,356.3,3233.4,18,11,43.7,179.8,1.6,-0.6,219.3,,,,,,,,,,,,,,,,,,,,,,,,,,,,,,
JacobyBrissettCLE,Jacoby,Brissett,CLE,332.3,207.7,3732.8,19.9,13.6,32.2,210.4,2,-0.6,249.8,,,,,,,,,,,,,,,,,,,,,,,,,,,,,,
ZachWilsonNYJ,Zach,Wilson,NYJ,396.8,237.9,2774,16.1,10.8,36.2,221.8,2.6,0.5,201.6,,,,,,,,,,,,,,,,,,,,,,,,,,,,,,
DeshaunWatsonCLE,Deshaun,Watson,CLE,206.4,142.5,1717.8,9.9,4.3,41.7,214.6,2.4,0,139.9,,,,,,,,,,,,,,,,,,,,,,,,,,,,,,
JoeFlaccoNYJ,Joe,Flacco,NYJ,172.4,105.2,759.6,4.7,2.4,7.9,13.5,0.2,-0.2,49.8,,,,,,,,,,,,,,,,,,,,,,,,,,,,,,
DesmondRidderATL,Desmond,Ridder,ATL,0,0,1734.7,7.6,7.7,0,139.9,1.5,0.6,113.4,,,,,,,,,,,,,,,,,,,,,,,,,,,,,,
KennyPickettPIT,Kenny,Pickett,PIT,72,44.5,1867.6,11.2,8,3,168.6,1.4,0.9,135.4,,,,,,,,,,,,,,,,,,,,,,,,,,,,,,
SamDarnoldCAR,Sam,Darnold,CAR,9,5.5,893.6,4.4,3.6,1.5,59.4,0.8,0.5,59.3,,,,,,,,,,,,,,,,,,,,,,,,,,,,,,
JoshuaDobbsCLE,Joshua,Dobbs,CLE,0,0,590.9,1.3,3.7,0,83.5,0.8,0.3,37.6,,,,,,,,,,,,,,,,,,,,,,,,,,,,,,
MalikWillisTEN,Malik,Willis,TEN,0,0,449.2,1.9,2.5,0,14.8,0.7,0.3,27.8,,,,,,,,,,,,,,,,,,,,,,,,,,,,,,
AndyDaltonNO,Andy,Dalton,NO,10,6.5,418.2,2,2,2.5,13.8,0.2,0.2,25.2,,,,,,,,,,,,,,,,,,,,,,,,,,,,,,
TylerHuntleyBAL,Tyler,Huntley,BAL,12,8,325.6,1.6,1.6,3,35,0.4,0.3,23.8,,,,,,,,,,,,,,,,,,,,,,,,,,,,,,
TrevorSiemianCHI,Trevor,Siemian,CHI,10.5,6.5,450,1.6,2.6,1.5,1.2,0.2,0.1,22.5,,,,,,,,,,,,,,,,,,,,,,,,,,,,,,
JimmyGaroppoloSF,Jimmy,Garoppolo,SF,11,7.5,377.8,1.2,1.6,1,0.8,0,0.1,18.3,,,,,,,,,,,,,,,,,,,,,,,,,,,,,,
JordanLoveGB,Jordan,Love,GB,11,5.5,321.2,0.8,1.6,2.5,0.6,0.2,0.2,15.9,,,,,,,,,,,,,,,,,,,,,,,,,,,,,,
DrewLockSEA,Drew,Lock,SEA,23,14.5,240.4,1.6,1.8,2,0.6,0.2,0.2,15.1,,,,,,,,,,,,,,,,,,,,,,,,,,,,,,
BrianHoyerNE,Brian,Hoyer,NE,10.5,7,273.8,1,1.4,2.5,1,0.2,0.3,14.6,,,,,,,,,,,,,,,,,,,,,,,,,,,,,,
BlaineGabbertTB,Blaine,Gabbert,TB,0,0,386.5,1.4,1.9,0,1.2,0.3,0,20.5,,,,,,,,,,,,,,,,,,,,,,,,,,,,,,
NateSudfeldDET,Nate,Sudfeld,DET,12,7,210.6,1,1.4,1.5,1,0.2,0.4,12.4,,,,,,,,,,,,,,,,,,,,,,,,,,,,,,
GardnerMinshewPHI,Gardner,Minshew,PHI,10.5,6.5,180,1.2,0.8,2.5,2.4,0.2,0.1,11.8,,,,,,,,,,,,,,,,,,,,,,,,,,,,,,
C.J.BeathardJAC,C.J.,Beathard,JAC,12.5,7.5,77,0.5,0,2,8,0,0,5.9,,,,,,,,,,,,,,,,,,,,,,,,,,,,,,
TyrodTaylorNYG,Tyrod,Taylor,NYG,14.5,9,90,0.5,0.5,1,9.5,0,0,6,,,,,,,,,,,,,,,,,,,,,,,,,,,,,,
MasonRudolphPIT,Mason,Rudolph,PIT,13,8.5,77,0.5,0.5,2,7.5,0,0,5.4,,,,,,,,,,,,,,,,,,,,,,,,,,,,,,
JohnWolfordLAR,John,Wolford,LAR,12,7.5,86.5,0.5,0.5,2,8.5,0,0,5.8,,,,,,,,,,,,,,,,,,,,,,,,,,,,,,
NickFolesIND,Nick,Foles,IND,11,7,75,0.5,0.5,2.5,13,0,0,5.8,,,,,,,,,,,,,,,,,,,,,,,,,,,,,,
TaylorHeinickeWAS,Taylor,Heinicke,WAS,11,7,71.5,0.5,0.5,2.5,9.5,0,0,5.3,,,,,,,,,,,,,,,,,,,,,,,,,,,,,,
JarrettStidhamLV,Jarrett,Stidham,LV,13,9,100.5,0.5,0.5,2,3.5,0,0,5.8,,,,,,,,,,,,,,,,,,,,,,,,,,,,,,
ChadHenneKC,Chad,Henne,KC,13.5,8.5,91,0.5,0.5,2,3.5,0,0,5.5,,,,,,,,,,,,,,,,,,,,,,,,,,,,,,
CaseKeenumBUF,Case,Keenum,BUF,12.5,8,95.5,1,0.5,1,5.5,0,0,7.8,,,,,,,,,,,,,,,,,,,,,,,,,,,,,,
TeddyBridgewaterMIA,Teddy,Bridgewater,MIA,16,10.5,106.5,0.5,0.5,1,3.5,0,0,6.1,,,,,,,,,,,,,,,,,,,,,,,,,,,,,,
ColtMcCoyARI,Colt,McCoy,ARI,12,8,86,0.5,0.5,1.5,7,0,0,5.7,,,,,,,,,,,,,,,,,,,,,,,,,,,,,,
NickMullensMIN,Nick,Mullens,MIN,12,7.5,89,0.5,0.5,2.5,3,0,0,5.3,,,,,,,,,,,,,,,,,,,,,,,,,,,,,,
ChaseDanielLAC,Chase,Daniel,LAC,13.5,8.5,92.5,0.5,0.5,2,6,0,0,5.8,,,,,,,,,,,,,,,,,,,,,,,,,,,,,,
MikeWhiteNYJ,Mike,White,NYJ,11,6.5,72.5,0.5,0.5,2,1.5,0,0,4.5,,,,,,,,,,,,,,,,,,,,,,,,,,,,,,
KyleAllenHOU,Kyle,Allen,HOU,11,7,72.5,0.5,0.5,1,3.5,0,0,4.7,,,,,,,,,,,,,,,,,,,,,,,,,,,,,,
